<keymap version="1" name="Default copy" parent="$default">
  <action id="ChooseRunConfiguration" />
  <action id="Console.TableResult.NavigateAction" />
  <action id="Console.TableResult.NextPage" />
  <action id="DSM.OpenInEditor" />
  <action id="Debugger.EditFrameSource" />
  <action id="DomCollectionControl.Edit" />
  <action id="DomElementsTreeView.GotoDomElementDeclarationAction" />
  <action id="EditSource" />
  <action id="EditorDuplicate" />
  <action id="EditorDuplicateLines">
    <keyboard-shortcut first-keystroke="ctrl alt down" />
  </action>
  <action id="ExternalSystem.OpenConfig" />
  <action id="Graph.Faces.OpenSelectedPages" />
  <action id="Jdbc.OpenEditor" />
  <action id="NextOccurence" />
  <action id="OpenModuleSettings" />
  <action id="RemoteHostView.EditSource" />
  <action id="Run">
    <keyboard-shortcut first-keystroke="f4" />
  </action>
  <action id="RunDashboard.EditConfiguration" />
  <action id="RunTargetAction">
    <keyboard-shortcut first-keystroke="f4" />
  </action>
  <action id="Vcs.EditSource" />
  <action id="XDebugger.JumpToSource" />
</keymap>